Filename,Title,Source,Link,Date,Year
Fritz_HOW-CHINA-WILL-USE-CYBER-WARFARE(Oct-01-08),How China Will Use Cyber Warfare,Jason Fritz,https://app.box.com/s/696xnzy1an3jbm3b212y5n8xieirbemd,10/1/08,2008
556_10535_798405_Annex87_CyberAttacks,Russian Cyberwar On Georgia,Georgia Gov,https://app.box.com/s/ce4fr8p0mxv2pjcvh4pmma1q7oqc4vnc,11/11/08,2008
Ashmore_Impact-of-Alleged-Russian-Cyber-Attacks(Jan-18-09),Impact Of Alleged Russian Cyber Attack,William C. Ashmore,https://app.box.com/s/4q3ws8a3ymx6y4ygsp4k4zm8gx0imsy0,1/18/09,2009
ghostnet,Tracking Ghostnet: Investigating A Cyber Espionage Network,Information Warfare Monitor,https://app.box.com/s/8dq0gur02w8oh0z7ljjz5mh8l11cmrhh,3/29/09,2009
Case_Study_Operation_Aurora_V11,Case Study: Operation Aurora,Triumfant,https://app.box.com/s/ni4xs2iuol4vskbc25vrxjih2w1ep7p6,1/1/10,2010
Aurora_Botnet_Command_Structure,The Command Structure Of The Aurora Botnet,Damballa,https://app.box.com/s/6jeekvxflthmub9v26nybp5kqw9tjopj,1/13/10,2010
Combating Threats - Operation Aurora,Combating Aurora,McAfee,https://app.box.com/s/jhy5k76ox6z8sy6tdjnqqrlz5r2o29h8,1/20/10,2010
Aurora_HBGARY_DRAFT,"Operation Aurora: Detect, Diagnose, Respond",HBGary,https://app.box.com/s/j36zc0da9nz6q8wnv13slwxcnmiaykul,1/27/10,2010
"WhitePaper HBGary Threat Report, Operation Aurora",Operation Aurora,HBGary,https://app.box.com/s/fjb89qr1vnk2ox0vllj68ivadqgyz3an,2/10/10,2010
how_can_u_tell_Aurora,How Can I Tell If I Was Infected By Aurora?,McAfee,https://app.box.com/s/k0qidf9g1yfehi6pbdodmcxdqag5a9bv,2/24/10,2010
in-depth_analysis_of_hydraq_final_231538,In-Depth Analysis Of Hydraq: The Face Of Cyberwar Enemies Unfolds,CA,https://app.box.com/s/44e7rbs177n5inhpm9si6gu3lm7fw6bj,3/14/10,2010
shadows-in-the-cloud,Shadows In The Cloud: Investigating Cyber Espionage 2.0,"Shadowserver, Information warfare monitor",https://app.box.com/s/mxffbrs4ju2yeoa47sbeym6n5zm1hnf3,4/6/10,2010
MSUpdaterTrojanWhitepaper,The Msupdater Trojan And Ongoing Targeted Attacks ,"Seculert, Zscaler",https://app.box.com/s/gh8m5os2jewj2adleu2xqivj9qzf9ok8,9/3/10,2010
wp-operation-shady-rat,Revealed: Operation Shady Rat,McAfee,https://app.box.com/s/a086wzo5lwibw0dl7ri0kt7d0b51u299,8/4/11,2011
wp-global-energy-cyberattacks-night-dragon,Global Energy Cyberattacks: Night Dragon,McAfee,https://app.box.com/s/o2tc88oihh4c67a0s8ygok9fwd66zp71,2/10/11,2011
wp_dissecting-lurid-apt,The Lurid Downloader,Trend Micro,https://app.box.com/s/7s9bvquu64vafpi14t8p6w2t6hwls1zi,8/22/11,2011
w32_stuxnet_dossier,W32.Stuxnet Dossier,Symantec,https://app.box.com/s/rpdy3pk00bmkhgmf1lsfuwt6edakh6k3,2/1/11,2011
the_nitro_attacks,The Nitro Attacks: Stealing Secrets From The Chemical Industry,Symantec,https://app.box.com/s/sp5gpgu0xpf0dsfxj269ptxyyzm0ohkf,10/31/11,2011
tb_advanced_persistent_threats,Alleged Apt Intrusion Set: 1.Php Group,"Zscaler, ThreatLabz",https://app.box.com/s/rqv5wirqhfc3zht1p2kouk8i0ymnmr92,10/12/11,2011
Stuxnet_Under_the_Microscope,Stuxnet Under The Microscope,ESET,https://app.box.com/s/2mmdr5vhhrjt2prszn167a0v58az9put,4/20/11,2011
shady_rat_vanity,Operation Shady Rat: Unprecedented Cyber-Espionage Campaign And Intellectual-Property Bonanza,Vanity Fair,https://app.box.com/s/k34la7wec8mf3gzxphkynem95en886d3,8/2/11,2011
Palebot_Palestinian_credentials,Palebot Trojan Harvests Palestinian Online Credentials,Norman,https://app.box.com/s/73rhctcs0kj6s52eeqn509p44a368kuv,12/8/11,2011
HTran_and_the_Advanced_Persistent_Threat,Htran And The Advanced Persistent Threat,Dell Secureworks,https://app.box.com/s/aqhzvj2a5vo91dgqjflh7nk4pm8aowon,8/3/11,2011
Evolution_Drivers_Duqu_Stuxnet,Stuxnet/Duqu: The Evolution Of Drivers,Kaspersky,https://app.box.com/s/shakkou3wcgwfq5u83jncdit7cmmw151,12/28/11,2011
Duqu_Trojan_Questions_and_Answers,Duqu Trojan Questions And Answers,Dell Secureworks,https://app.box.com/s/ygyqokm0cxq56lut0v1u0i4u5vts9idc,10/26/11,2011
C5_APT_SKHack,Sk Hack By An Advanced Persistent Threat,Command Five Pty Ltd,https://app.box.com/s/c911g2eqxck6va9cdn9vync5628zrreb,9/11/11,2011
C5_APT_ADecadeInReview,Advanced Persistent Threats: A Decade In Review,Command Five Pty Ltd,https://app.box.com/s/tl13bx0ek04liinz7btbc3f47jpvpbxj,6/1/11,2011
Alerts DL-2011 Alerts-A-2011-02-18-01 Night Dragon Attachment 1,Night Dragon: Specific Protection Measures For Consideration ,NERC,https://app.box.com/s/grv4y3nziuxbsv4g16nyf4u1i1g1w0nm,2/18/11,2011
wp_the-heartbeat-apt-campaign,The Heartbeat Apt Campaign,Trend Micro,https://app.box.com/s/4qfg9m8wrdgsdf7k3fwrz7zmg2tkfxno,1/3/12,2012
The_Sin_Digoo_Affair,The Sin Digoo Affair,Dell Secureworks,https://app.box.com/s/qj9849r6n72ktrc9q3n9107xduauffss,2/29/12,2012
Crouching_tiger_hidden_dragon,"Crouching Tiger, Hidden Dragon, Stolen Data",Contextis,https://app.box.com/s/vk0oacayqkgrk3tp492h3ja9jnlktk7t,3/12/12,2012
Crypto-DarkComet-Report,It'S Not The End Of The World: Darkcomet Misses By A Mile,Arbor Networks,https://app.box.com/s/akmz317h8dkapm52ksycf187rw2ylp21,3/13/12,2012
wp_luckycat_redux,Luckycat Redux: Inside An Apt Campaign With Multiple Targets  In India And Japan,Trend Micro,https://app.box.com/s/vun0x0rrek5l51djb8igbojb7v85sg3q,3/26/12,2012
OSX_SabPub,New Version Of Osx.Sabpub & Confirmed Mac Apt Attacks,Kaspersky,https://app.box.com/s/ew3h0mve5lf5x69ydjd1sm1r380rqy4k,4/16/12,2012
w32_flamer_newsforyou,Have I Got Newsforyou: Analysis Of Flamer C&C Server,Symantec,https://app.box.com/s/6ujt4gi1c962id9o4iviesurww2grbxi,5/18/12,2012
wp_ixeshe,Ixeshe An Apt Campaign,Trend Micro,https://app.box.com/s/t74crjmu21ee2gpnnx56182bj74facvi,5/22/12,2012
skywiper,Skywiper (A.K.A. Flame A.K.A. Flamer): A Complex Malware For Targeted Attacks ,"CrySyS, BME",https://app.box.com/s/ebeqddqmxdjqttnqjr1xzi7agiqusrac,5/31/12,2012
PEST-CONTROL,Pest Control: Taming The Rats,Matasano,https://app.box.com/s/k6kyhjnok9n5vqtchm4u1luoluth0j1i,6/13/12,2012
Tibet_Lurk,Recent Observations In Tibet-Related Information Operations: Advanced Social Engineering For The Distribution Of Lurk Malware,Citizen Lab,https://app.box.com/s/njc3dvwkbx4i9y0s300r3k3ocrj1gmua,7/10/12,2012
From-Bahrain-With-Love-FinFishers-Spy-Kit-Exposed,From Bahrain With Love: Finfisher Spy Kit Exposed?,Citizen Lab,https://app.box.com/s/1y57tx3onyislwp9w9k0dqew874y11s9,7/25/12,2012
The_Madi_Infostealers,The 'Madi' Infostealers - A Detailed Analysis,Kaspersky,https://app.box.com/s/h2rowevapfawgbkdpcinjgbci6iy71ml,7/27/12,2012
kaspersky-lab-gauss,Gauss: Abnormal Distribution,Kaspersky,https://app.box.com/s/y0wmp82qdqivrx4x21nfj5miod1tjuf1,8/9/12,2012
VOHO_WP_FINAL_READY-FOR-Publication-09242012_AC,The Voho Campaign: An In Depth Analysis ,RSA,https://app.box.com/s/g1nx7q1o451m0o8hmhbeg82igcflk6q5,8/12/12,2012
The_Mirage_Campaign,The Mirage Campaign,Dell Secureworks,https://app.box.com/s/h9vlkkgq0yaat56muq6nei95nchysbay,8/18/12,2012
the-elderwood-project,The Elderwood Project,Symantec,https://app.box.com/s/kbhzz24wt2t7kd92c2409uyqawj1jl0t,9/6/12,2012
IEXPL0RE_RAT,Iexpl0Re Rat,Citizen Lab,https://app.box.com/s/tdgkyqg7o511v8a29mc8ec28yxzw118j,9/7/12,2012
trojan_taidoor-targeting_think_tanks,Trojan.Taidoor: Targeting Think Tanks,Symantec,https://app.box.com/s/td8bl14go6icl9lhi9c4idkk82e83t2c,10/27/12,2012
WickedRose_andNCPH,"""Wicked Rose"" And The Ncph Hacking Group",iDefense,https://app.box.com/s/0cp8nyd339dnbak96x2klgz1kxm36xd2,11/1/12,2012
FTA 1007 - Shamoon,Recovering From Shamoon,Fidelis,https://app.box.com/s/fjucrojt5ldxio2sbvsql7syv46l6p4g,11/1/12,2012
Cyberattack_against_Israeli_and_Palestinian_targets,Systematic Cyber Attacks Against Israeli And Palestinian Targets Going On For A Year  ,Norman,https://app.box.com/s/83uopvit3i46wmy3hxvw4g3rjhv8ax1s,11/3/12,2012
Faces_Ghost_RAT,The Many Faces Of Gh0St Rat: Plotting The Connections Between Malware Attacks,Norman,https://app.box.com/s/aj7ebr1v0x9mf3psmxeififqijwmmacy,11/30/12,2012
Securelist_RedOctober,"The ""Red October"" Campaign - An Advanced Cyber Espionage Network Targeting Diplomatic And Government Agencies",Kaspersky,https://app.box.com/s/ymcjx37fp0zyyjybcl80czcrpzctjfp9,1/14/13,2013
Securelist_RedOctober_Detail,"""Red October"" Diplomatic Cyber Attacks Investigation",Kaspersky,https://app.box.com/s/m3hhm2et9h54sfojd33b6k7m76zoqdv1,1/14/13,2013
icefog,The Icefog Apt: A Tale Of Cloak And Three Daggers,Kaspersky,https://app.box.com/s/ebjeefvfx58arny58fb9vv6up39f293w,1/14/13,2013
McAfee_Labs_Threat_Advisory_Exploit_Operation_Red_Oct,Operation Red October,McAfee,https://app.box.com/s/yzybkh6neofhi2wonyn7abjyn2hlfa8f,1/18/13,2013
C5_APT_C2InTheFifthDomain,Command And Control In The Fifth Domain,Command Five Pty Ltd,https://app.box.com/s/yfduvs6jw8w3ankhjkbi4ei5ykqho368,2/3/13,2013
Presentation_Targeted-Attacks_EN,Targeted Cyber Attacks:  Examples And Challenges Ahead,CrySyS,https://app.box.com/s/vsy0oa0n3l2m2lx5oxpzj71zhbqkkgxq,2/12/13,2013
Mandiant_APT1_Report,Apt1 Exposing One Of China's Cyber Espionage Units,Mandiant,https://app.box.com/s/t8w9gavaci6jye519zp13tjdicnd7xzu,2/18/13,2013
comment_crew_indicators_of_compromise,Comment Crew: Indicators Of Compromise,Symantec,https://app.box.com/s/0leqi6xaid7v745y3kujcyi5vgvf73su,2/22/13,2013
stuxnet_0_5_the_missing_link,Stuxnet 0.5: The Missing Link,Symantec,https://app.box.com/s/jzbxpm7m7kakhubocrrerq0myig6befb,2/26/13,2013
themysteryofthepdf0-dayassemblermicrobackdoor,The Miniduke Mystery: Pdf 0-Day Government Spy Assembler 0X29A Micro Backdoor ,Kaspersky,https://app.box.com/s/w3b1yh6agvwmocx8ftzjg8kyds0jodmk,2/27/13,2013
miniduke_indicators_public,Miniduke: Indicators ,"CrySyS, BME",https://app.box.com/s/d5npu14e4471j5mmpkgt1xwdnu90t43e,2/27/13,2013
15-2013-youonlyclicktwice,You Only Click Twice: Finfisher's Global Proliferation,Citizen Lab,https://app.box.com/s/bdtw7jyfdcr9snnt14ye7ukb9oj2gmn9,3/13/13,2013
Safe-a-targeted-threat,Safe A Targeted Threat,Trend Micro,https://app.box.com/s/0yh8mn02v2wrehl9yaddrb8rjdzieeqb,3/17/13,2013
theteamspystory_final_t2,The Teamspy Story - Abusing Teamviewer In Cyberespionage Campaigns,Kaspersky,https://app.box.com/s/742gtrl1fedxy8iqwjuqsiru1m8i0l2g,3/20/13,2013
dissecting-operation-troy,Dissecting Operation Troy: Cyberespionage In South Korea,McAfee,https://app.box.com/s/b91tgqhiw7zyivfnxe3sbrtzfgk6n08f,3/20/13,2013
RAP002_APT1_Technical_backstage.1.0,Apt1: Technical Backstage,"Malware.lu, itrust",https://app.box.com/s/x2jgr4j1bgfas2h2b4h09mam9nn4qwu3,3/27/13,2013
tr-12-circl-plugx-analysis-v1,Analysis Of A Plugx Variant (Plugx Version 7.0),CIRCL,https://app.box.com/s/90qhti3jwdmthbz7fd1l49n9y2cp8ffq,3/28/13,2013
Trojan.APT.BaneChant,Trojan.Apt.Banechant: In-Memory Trojan That Observes For Multiple Mouse Clicks,FireEye,https://app.box.com/s/5ycaruh0zf07h2jy9mpasgm1crninjwp,4/1/13,2013
MiniDuke_Paper_Final,A Closer Look At Miniduke,Bitdefender,https://app.box.com/s/cfkwk5mocm6ckxmaiv8hfe73k2bl1u10,4/3/13,2013
winnti-more-than-just-a-game-130410,Winnti: More Than Just A Game ,Kaspersky,https://app.box.com/s/dlzp6f7hv9q3r0kreqvu8yyt36lzdbxw,4/13/13,2013
NS-Unveiling-an-Indian-Cyberattack-Infrastructure_FINAL_Web,Operation Hangover - Unveiling An Indian Cyberattack Infrastructure,"Norman, Shadowserver",https://app.box.com/s/f5wyu7306nti3lbp58uesioijsl9zamm,5/20/13,2013
Norman_HangOver report_Executive Summary_042513,Operation Hangover |Executive Summary,Norman,https://app.box.com/s/d3q764or208vbbg26gtcasv5uxnkcij1,5/20/13,2013
circl-analysisreport-miniduke-stage3-public,Analysis Of A Stage 3 Miniduke Sample,CIRCL,https://app.box.com/s/c95me2uocwoothfnapxrcjwfmynue4ri,5/30/13,2013
NormanShark-MaudiOperation,The Chinese Malware Complexes: The Maudi Surveillance Operation,Norman,https://app.box.com/s/v04cs4pueqq78rh8uasr39tsh36gtqra,6/1/13,2013
2013-9,Crude Faux: An Analysis Of Cyber Conflict Within The Oil & Gas Industries,CERIAS,https://app.box.com/s/9dpb6yyvb4yedosa75fo1ibuo46oy35a,6/1/13,2013
kaspersky-the-net-traveler-part1-final,The Nettraveler  (Aka Travnet) ,Kaspersky,https://app.box.com/s/1qx5mkzkcvwq3eazh2ygxowfbbadofby,6/4/13,2013
KeyBoy_Vietnam_India,"Keyboy, Targeted Attacks Against Vietnam And India",Rapid7,https://app.box.com/s/f8p3dagvmdezcpgmnh04mgqz21viklpz,6/7/13,2013
Trojan.APT.Seinup,Trojan.Apt.Seinup Hitting Asean,FireEye,https://app.box.com/s/iap35ypb6u03wrzpmemy2z2ntf4k8wm0,6/18/13,2013
19-2013-acalltoharm,A Call To Harm: New Malware Attacks Target The Syrian Opposition,Citizen Lab,https://app.box.com/s/hydmfjuajj44kezw77k9nwj5qormpp9y,6/21/13,2013
fta-1009---njrat-uncovered-1,Njrat Uncovered,Fidelis,https://app.box.com/s/vdg51zbfvap52w60zj0is3l1dmyya0n4,6/28/13,2013
US-13-Yarochkin-In-Depth-Analysis-of-Escalated-APT-Attacks-Slides,Hunting The Shadows: In Depth Analysis Of Escalated Apt Attacks,"Xecure, Academia Sinica",https://app.box.com/s/owi5dxkk3zx164lp90swu3weeyp805se,7/1/13,2013
Dark_Seoul_Cyberattack,Dark Seoul Cyber Attack: Could It Be Worse? ,Dongseo University,https://app.box.com/s/qw0kvewoi3uxy4g3xkc31ammxttbft5z,7/9/13,2013
Plugx_Smoaler,The Plugx Malware Revisited: Introducing Smoaler,Sophos,https://app.box.com/s/dfdg420iygjtz1rmou2ps14zi25l7tfb,7/15/13,2013
Secrets_of_the_Comfoo_Masters,Secrets Of The Comfoo Masters,Dell Secureworks,https://app.box.com/s/70bcgwlwqpp43spjxnyk2f7h96lg0718,7/31/13,2013
Unveiling an Indian Cyberattack Infrastructure - appendixes,Operation Hangover - Unveiling An Indian Cyberattack Infrastructure (Appendix),Norman,https://app.box.com/s/2k6oduwj3aetbetxdjx6gjqcg7mrcvvj,8/1/13,2013
Inside_Report_by_Infosec_Consortium,Inside Report _ Apt Attacks On Indian Cyber Space,Infosec Consortium,https://app.box.com/s/a2zw9uye2hhofsc1me6yfj39u6gjalcq,8/1/13,2013
Surtr_Malware_Tibetan,Surtr: Malware Family Targeting The Tibetan Community,Citizen Lab,https://app.box.com/s/m57wv4yn4wsa0j2bj6yuj23bzyrq5rg8,8/2/13,2013
India_Pak_Tranchulas,"Where There Is Smoke, There Is Fire: South Asian Cyber Espionage Heats Up",ThreatConnect,https://app.box.com/s/s0c49bv6hitrhmcafk0phnnuer3e63v1,8/2/13,2013
NYTimes_Attackers_Evolve_Quickly,Survival Of The Fittest: New York Times Attackers Evolve Quickly,FireEye,https://app.box.com/s/fkg2mxeqpb2ivx9neyz6bseopy1dfg5p,8/12/13,2013
ByeBye_Shell_target,Byebye Shell And The Targeting Of Pakistan,Rapid7,https://app.box.com/s/a4a59w1go5opcj607ssoh11oqnhozv0h,8/19/13,2013
fireeye-poison-ivy-report,Poison Ivy:  Assessing Damage And Extracting Intelligence,FireEye,https://app.box.com/s/7gw9d1cbuvygb3qamjytpgh9nbmk7cbw,8/21/13,2013
Operation_Molerats,Operation Molerats,FireEye,https://app.box.com/s/96rwehp2pkoou5gnimrx3sfdymv0nkhv,8/23/13,2013
Operation_EphemeralHydra,Operation Ephemeral Hydra: Ie Zero-Day Linked To Deputydog Uses Diskless Method,FireEye,https://app.box.com/s/qm0qqb7bpc0ut2c5n76zr5i0rdfhy5ts,9/10/13,2013
Kimsuky,"The ""Kimsuky"" Operation: A North Korean Apt?",Kaspersky,https://app.box.com/s/bel4s8xubunn5gxjvorgm7qg2v0e9kgt,9/11/13,2013
Operation_DeputyDog,Operation Deputydog: Zero-Day (Cve-2013-3893) Attack Against Japanese Targets,FireEye,https://app.box.com/s/w4rzfbf0ziip0dt4smkwtraluv8o0z9g,9/13/13,2013
hidden_lynx,Hidden Lynx: Professional Hackers For Hire,Symantec,https://app.box.com/s/m7yxjl7nljw2iltpbasm7t2dswhya6iv,9/17/13,2013
fireeye-wwc-report,World War C: Understanding Nation-State Motives Behind Today's Advanced Cyber Attacks,FireEye,https://app.box.com/s/dbgzho741wbtce2r5hppvocy6cwjbcbk,9/30/13,2013
wp-fakem-rat,Fakem Rat: Malware Disguised As Windows Messenger And Yahoo! Messenger,Trend Micro,https://app.box.com/s/otjh028wd3rfia4ysdtldj3whsd1i4y2,10/24/13,2013
FireEye-Terminator_RAT,Evasive Tactics: Terminator Rat,FireEye,https://app.box.com/s/zesgiuff58vejn97rad0w9tt827cusg0,10/24/13,2013
fireeye-malware-supply-chain,Supply Chain Analysis: From Quartermaster To Sunshopfireeye,FireEye,https://app.box.com/s/cpnh3qzju92xffn9qtlw45vceuleqh6d,11/11/13,2013
FTA 1010 - njRAT The Saga Continues,"""Njrat"", The Saga Continues",Fidelis,https://app.box.com/s/6blnvkflzcded9jlthm7yt1zzki6eakz,12/2/13,2013
fireeye-operation-ke3chang,Operation Ke3Chang Targeted Attacks Against Ministries Of Foreign Affairs,FireEye,https://app.box.com/s/8w1uu9e2l7jwq40gtea7xem6ezg79ffu,12/11/13,2013
ETSO_APT_Attacks_Analysis,Etso Apt Attacks Analysis  ,AhnLab,https://app.box.com/s/n4vji662ern1bii9hhahvglujeobqmk0,12/20/13,2013
fireeye-china-chopper-report,The Little Malware That Could: Detecting And Defeating The China Chopper Web Shell,FireEye,https://app.box.com/s/yvk5tr8poletupw82biic0ucpvynvoyj,X,2013
2q-report-on-targeted-attack-campaigns,2Q Report On Targeted Attack Campaigns,Trend Micro,https://app.box.com/s/bwgb7uhh6p4bdkyvlw94dpq19tq0fvbv,X,2013
energy-at-risk,Energy At Risk: A Study Of It Security In The Energy And Natural Resources Industry,KPMG,https://app.box.com/s/z7lwte5v91lz2rkfywd9s1grnqeuy1fk,X,2013
targeted_attacks_against_the_energy_sector,Targeted Attacks Against The Energy Sector,Symantec,https://app.box.com/s/blcobivhvh1gwqh7qjtkrdpaggz2lmlr,1/13/14,2014
FTA 1001 FINAL 1.15.14,New Cdto: A Sneakernet Trojan Solution,Fidelis,https://app.box.com/s/63rg0wfr0ki2xvtt7ja1b7lmn7dspcdc,1/15/14,2014
h12756-wp-shell-crew,Emerging Threat Profile Shell_Crew ,RSA,https://app.box.com/s/xqldk5renv5ecihr7wyyazplrnezknmx,1/21/14,2014
FTA 1011 Follow UP,Intruder File Report- Sneakernet Trojan,Fidelis,https://app.box.com/s/yvbehxsn3tknzogt74z9ryn7r7elwpmf,1/31/14,2014
unveilingthemask_v1.0,Unveiling Careto - The Masked Apt,Kaspersky,https://app.box.com/s/aepgdq5vc2dxd2m9t0ab2v28rtwbhjua,2/11/14,2014
Operation_SnowMan,Operation Snowman: Deputydog Actor Compromises Us Veterans Of Foreign Wars Website,FireEye,https://app.box.com/s/6uv4v8hpnfpka971qk0gd3j4mnm5x7mt,2/13/14,2014
XtremeRAT_fireeye,Xtremerat: Nuisance Or Threat?,FireEye,https://app.box.com/s/s7kamaz3bmziz8vu1fvwz2e9m13xiysg,2/19/14,2014
The_Monju_Incident,The Monju Incident ,Context,https://app.box.com/s/l6n25enqom0uydgxogybp82294nkf4dt,2/19/14,2014
Operation_GreedyWonk,"Operation Greedywonk: Multiple Economic And Foreign Policy Sites Compromised, Serving Up Flash Zero-Day Exploit",FireEye,https://app.box.com/s/870bnpwyxqjqg9o0z4sl0e2mlkzar60q,2/20/14,2014
deep-panda-webshells,Mo' Shells Mo' Problems - Deep Panda Web Shells,Crowdstrike,https://app.box.com/s/pn1mtot3a2d2seuqx46unamdl7udlwq0,2/20/14,2014
FTA 1012 STTEAM Final,"Gathering In The Middle East, Operation Stteam",Fidelis,https://app.box.com/s/ine4z2lyf8ryqao789oc0als335iip8c,2/23/14,2014
GData_Uroburos_RedPaper_EN_v1,Uroburos Highly Complex Espionage Software With Russian Roots,Gdata,https://app.box.com/s/dokswmrkrxmipfmdpsvelnq18w4ypogw,2/28/14,2014
The_Siesta_Campaign,The Siesta Campaign: A New Cybercrime Operation Awakens,Trend Micro,https://app.box.com/s/0rcadhypkl7fod418nv58uicnnljvnrh,3/6/14,2014
snake_whitepaper,Snake Campaign & Cyber Espionage Toolkit,BAE Systems,https://app.box.com/s/xmeq5ajvmzux1appt1qvd8wme7k13o63,3/7/14,2014
Reuters_Turla,"Suspected Russian Spyware Turla Targets Europe, United States",Reuters,https://app.box.com/s/n9zt53c246ltmhhjkcfay9xq8mee09yo,3/8/14,2014
Op_Clandestine_Fox,New Zero-Day Exploit Targeting Internet Explorer Versions 9 Through 11 Identified In Targeted Attacks,FireEye,https://app.box.com/s/5epjx7i7fc3q8jh8o4exabquoar1s3ii,4/26/14,2014
fireeye-operation-saffron-rose,Operation Saffron Rose,FireEye,https://app.box.com/s/pnagcb7vgpqaxen71n2x557m05q7dazl,5/13/14,2014
CrowdStrike_Flying_Kitten,Cat Scratch Fever: Crowdstrike Tracks Newly Reported Iranian Actor As Flying Kitten,Crowdstrike,https://app.box.com/s/vr9chzv8t952gywbaom6r0p4bo4pub8r,5/13/14,2014
Miniduke_twitter,Miniduke Still Duking It Out,ESET,https://app.box.com/s/dnn3hp5nlwuiwxcqjc9kmsfiodcimi64,5/20/14,2014
FTA_1013_RAT_in_a_jar,Rat In A Jar: A Phishing Campaign Using Unrecom,Fidelis,https://app.box.com/s/hhfmfv9itrx2mabe5m441a381zvc5jul,5/21/14,2014
ASERT-Threat-Intelligence-Brief-2014-07-Illuminating-Etumbot-APT,Illuminating The Etumbot Apt Backdoor,Arbor Networks,https://app.box.com/s/h8c0ds5etxke111s38r7rs3ltmpf2mot,6/6/14,2014
putter-panda,Putter Panda,Crowdstrike,https://app.box.com/s/ugahgfd07evh7q0h8lnb00brew4ixvdk,6/9/14,2014
TrapX_ZOMBIE_Report_Final,Anatomy Of The Attack: Zombie Zero,Trapx,https://app.box.com/s/r95pew4gb5gi1qw40l6s0jbzw5lfwqbm,6/10/14,2014
Compromise_Greece_Beijing,#9 Blitzanalysis: Embassy Of Greece Beijing - Compromise,R136a1,https://app.box.com/s/j108s0yjga3w42lm7wifklqilr4l35ld,6/20/14,2014
Dragonfly_Threat_Against_Western_Energy_Suppliers,Dragonfly: Cyberespionage Attacks Against Energy Suppliers,Symantec,https://app.box.com/s/edyb0yn2g8ozavlmxoh082l7z5o5v3yx,6/30/14,2014
circl-tr25-analysis-turla-pfinet-snake-uroburos,Tr-25 Analysis - Turla / PNet / Snake/ Uroburos,CIRCL,https://app.box.com/s/54kvbxp9nc0xtme1omd1xpxcckwm945g,7/10/14,2014
Pitty_Tiger_Final_Report,The Eye Of The Tiger (Pitty Tiger),Airbus,https://app.box.com/s/54porxs30re847wc7ca1jk1hzbtvt0hv,7/11/14,2014
Sayad_Flying_Kitten_analysis,Sayad (Flying Kitten) Infostealer: Is This The Work Of The Iranian Ajax Security Team?,Vinsula,https://app.box.com/s/hjjb0aysslxse1ehpyt5ny68lf8tyctg,7/20/14,2014
Kaspersky_Lab_crouching_yeti_appendixes_eng_final,Crouching Yeti: Appendixes,Kaspersky,https://app.box.com/s/90zdh7pfbmon8mtea3okbc6s83ro28bx,7/31/14,2014
EB-YetiJuly2014-Public,Energetic Bear _ Crouching Yeti,Kaspersky,https://app.box.com/s/z0apbug9w1ztt8ex0pe99sq0d2u9r3nu,7/31/14,2014
KL_report_syrian_malware,"Syrian Malware, The Ever-Evolving Threat",Kaspersky,https://app.box.com/s/029unv6hijmzrq3xzevz58y4n4xneybz,8/1/14,2014
Gholee_Protective_Edge_themed_spear_phishing_campaign,Gholee Protective Edge Themed Spear Phishing Campaign,Clearsky,https://app.box.com/s/krnvva7fu9o6ywa81uwbpsasj4sz3y2n,8/4/14,2014
fireeye-sidewinder-targeted-attack,Sidewinder Targeted Attack Against Android In The Golden Age Of Ad Libraries,FireEye,https://app.box.com/s/qwg36lcvf9iaz3alks4w24btqcxmzlkq,8/4/14,2014
ThreatConnect_Operation_Arachnophobia_Report,Operation Arachnophobia Caught In The Spider's Web,ThreatConnect,https://app.box.com/s/d7pm2c1r4cx80tt1rctysd7452lo367v,8/5/14,2014
Operation_Poisoned_Hurricane,Operation Poisoned Hurricane,FireEye,https://app.box.com/s/f74irgo6g47gr37urjypwcnetjj2ymie,8/6/14,2014
KL_Epic_Turla_Technical_Appendix_20140806,The Epic Turla Operation: Solving Some Of The Mysteries Of Snake/Uroboros,Kaspersky,https://app.box.com/s/9rsegtgvnwe9n2lrk6ezxfv8mnpfhpk3,8/7/14,2014
Targeted_Attacks_Lense_NGO,A Look At Targeted Attacks Through The Lense Of An Ngo,"MPI-SWS, National Univ. of Singapore, Northeastern Univ.",https://app.box.com/s/xxw2fbuju3mpoc5mzb8upyutaxxz0z6h,8/13/14,2014
El_Machete,El Machete,Kaspersky,https://app.box.com/s/badlir1w3z6fowjb0xj9too0mf11ls4e,8/20/14,2014
NetTraveler_Makeover_10th_Birthday,Nettraveler Apt Gets A Makeover For 10Th Birthday,Kaspersky,https://app.box.com/s/5p59z0cnoul885qx2hj1f85h00mk2ec5,8/27/14,2014
HPSR SecurityBriefing_Episode16_NorthKorea,Profiling An Enigma:  The Mystery Of North Korea's Cyber Threat Landscape,HP,https://app.box.com/s/a6c2ljuyf6kzgx853khmhmrxk4toal8x,8/27/14,2014
Alienvault_Scanbox,Scanbox: A Reconnaissance Framework Used With Watering Hole Attacks,Alienvault,https://app.box.com/s/vlbe0y40djeaadl2l4iqdm13cju3v3n6,8/28/14,2014
Syrian_Malware_Team_BlackWorm,Connecting The Dots: Syrian Malware Team Uses Blackworm For Attacks,FireEye,https://app.box.com/s/5sir2hjd6rhi9a03nb5e4ykkx3s4l7d6,8/29/14,2014
Darwin_fav_APT_Group,Darwin's Favorite Apt Group,FireEye,https://app.box.com/s/aj0b81yqt1fe6ufuklxuirvh8hawnnjb,9/3/14,2014
XSLCmd_OSX,Forced To Adapt: Xslcmd Backdoor Now On Os X,FireEye,https://app.box.com/s/fc2gc8m4ospivuhzjmj2vfc1l3sxc17j,9/4/14,2014
Chinese_MITM_Google,Analysis Of Chinese Mitm On Google,Netresec,https://app.box.com/s/rpig9c10mj8wdri1ulftjxbabm543mxa,9/4/14,2014
sec14-paper-marczak,When Governments Hack Opponents: A Look At Actors And Technology,Usenix Conference,https://app.box.com/s/idaqxp9usqbtbo80vhemh66shyvavagu,9/8/14,2014
sec14-paper-hardy,Targeted Threat Index: Characterizing And Quantifying Politically-Motivated Targeted Malware,Usenix Conference,https://app.box.com/s/flstb1aalkoeq5f0g4baemo9g1bclrd2,9/8/14,2014
fireeye-operation-quantum-entanglement,Operation Quantum Entanglement,FireEye,https://app.box.com/s/qvuhc7j8tle0a83z3iivsz3yz6aok3tv,9/10/14,2014
NYTimes_Attackers_Evolve_Quickly,Survival Of The Fittest: New York Times Attackers Evolve Quickly,FireEye,https://app.box.com/s/fkg2mxeqpb2ivx9neyz6bseopy1dfg5p,8/12/14,2014
cosmicduke_whitepaper,Cosmicduke Cosmu With A Twist Of Miniduke,F-Secure,https://app.box.com/s/b0mc62by5j96jg9l91t68mlq6roksbg2,9/18/14,2014
th3bug_Watering_Hole_PoisonIvy,Recent Watering Hole Attacks Attributed To Apt Group Th3Bug Using Poison Ivy,Palo Alto,https://app.box.com/s/4j0ajrkivoyxw0licxinxpkgrk1ep7b8,9/19/14,2014
blackenergy_whitepaper,Blackenergy & Quedagh: The Convergence Of Crimeware  And Apt Attacks,F-Secure,https://app.box.com/s/ccj81xcg1xunuyjmnb3kt3ug77r16z7q,9/26/14,2014
Aided_Frame_Aided_Direction,"Aided Frame, Aided Direction (Because It's A Redirect)",FireEye,https://app.box.com/s/c0vmfv396d3lej8g37mxbhjgbjen1m21,9/26/14,2014
PAN_Nitro,New Indicators Of Compromise For Apt Group Nitro Uncovered,Palo Alto,https://app.box.com/s/drb0p2idherjlxlwdqh0nharpt310s8u,10/3/14,2014
Democracy_HongKong_Under_Attack,Democracy In Hong Kong Under Attack,Volexity,https://app.box.com/s/dvtxta3jtratjxlpr5rzwsqvqfetsn6z,10/9/14,2014
ZoxPNG_Full_Analysis-Final,Zoxpng Analysis,Novetta,https://app.box.com/s/8wxap100crzcd96a05ajsj9vodpjauau,10/14/14,2014
Sandworm_briefing2,Russian Cyber Espionage Campaign - Sandworm Team,iSight Partners,https://app.box.com/s/k0vbq8vx0z8qg3s4ycit1kc99cg5ay27,10/14/14,2014
Hikit_Analysis-Final,Hikit Analysis,Novetta,https://app.box.com/s/k1zaybbj4ickaq5u0flu9bpmtp8a1e5k,10/14/14,2014
Threat Spotlight: Group 72,Threat Spotlight: Group 72,Cisco,https://app.box.com/s/mtk3zeae1823kz2hv3f7z6pgjgwxlkyl,10/14/14,2014
OrcaRAT,Orcarat - A Whale Of A Tale,PWC,https://app.box.com/s/r3qo159trv793oeqdgsv99swjsxzq8pw,10/20/14,2014
tactical-intelligence-bulletin---sofacy-phishing-,Tactical Intelligence Bulletin Sofacy Phishing,PWC,https://app.box.com/s/th78b3w9bhr1cpdtn9gmmm9v7j2vuq47,10/22/14,2014
wp-operation-pawn-storm,Operation Pawn Storm Using Decoys To Evade Detection,Trend Micro,https://app.box.com/s/t2flymgu0ct5s3z487oedaq8dycsge77,10/23/14,2014
Modified_Binaries_Tor,Modified Binaries Tor,Joshua Pitts,https://app.box.com/s/nj7stspq3veln8iebra2f5u1203i86eg,10/23/14,2014
LeoUncia_OrcaRat,Leouncia And Orcarat,Airbus,https://app.box.com/s/737gsokqbgsi9d6yenyob3kgafl8mrc4,10/24/14,2014
pwc_ScanBox_framework,"Scanbox Framework: Who's Affected, And Who's Using It?",PWC,https://app.box.com/s/u273q9utje6wds8mtv17efskdu5oj8la,10/27/14,2014
Micro-Targeted-Malvertising-WP-10-27-14-1,Micro-Targeted Malvertising Via Real-Time Ad Bidding,Invincea,https://app.box.com/s/fy9ss400cv8irbkyrw7i72dc8xaf5xiv,10/27/14,2014
ICS_Havex_backdoors,Full Disclosure Of Havex Trojans,Netresec,https://app.box.com/s/v76ozenghvxl8cnk7rcdw4dxsnsffz2g,10/27/14,2014
Group72_Opening_ZxShell,"Threat Spotlight: Group 72, Opening The Zxshell",Cisco,https://app.box.com/s/89uahki8m2ksfgc8pysjw6utcqjp4q9u,10/28/14,2014
apt28,Apt28: A Window Into Russia's Cyber Espionage Operations,FireEye,https://app.box.com/s/2e7s0j3cuuswoplyvaqdz4kdudvvr7x7,10/28/14,2014
sophos-rotten-tomato-campaign,The Rotten Tomato Campaign,Sophos,https://app.box.com/s/ngqr8jevmhlypff49eju70nhxzfy26bh,10/30/14,2014
GDATA_TooHash_CaseStudy_102014_EN_v1,Operation Toohash How Targeted Attacks Work ,Gdata,https://app.box.com/s/11ozmt3fr8pucuo08gnotg6ab22ka7pp,10/31/14,2014
Operation_Poisoned_Handover,Operation Poisoned Handover: Unveiling Ties Between Apt Activity In Hong Kong's Pro-Democracy Movement,FireEye,https://app.box.com/s/4ld2qhui8rs1slmh76mzj9vaum353mk8,11/3/14,2014
BlackEnergy2_Plugins_Router,"Be2 Custom Plugins, Router Abuse, And Target Profiles",Kaspersky,https://app.box.com/s/0aem5xn8owa5hpsjxuqbyloielln6oyh,11/3/14,2014
darkhotelappendixindicators_kl,Darkhotel Indicators Of Compromise,Kaspersky,https://app.box.com/s/r97cjt70ywsd7pnrstr7buqzxn5svfw1,11/10/14,2014
darkhotel_kl_07.11,The Darkhotel Apt A Story Of Unusual Hospitality,Kaspersky,https://app.box.com/s/rqk4up23y49pe1zalfmstkj4zb1dxbja,11/10/14,2014
The_Uroburos_case,The Uroburos Case: New Sophisticated Rat Identified,Gdata,https://app.box.com/s/sg4cyodukt7edmmba6bfikuiu1jgzv59,11/11/14,2014
Korplug_Afghanistan_Tajikistan,Korplug Military Targeted Attacks: Afghanistan & Tajikistan,ESET,https://app.box.com/s/jih94kv82ucn12fdne8tsijvwn06cf4p,11/12/14,2014
Operation_CloudyOmega_Ichitaro,Operation Cloudyomega: Ichitaro Zero-Day And Ongoing Cyberespionage Campaign Targeting Japan,Symantec,https://app.box.com/s/61pv7a2qufqbm3dhargkrsqjjzgswxba,11/13/14,2014
roaming_tiger_zeronights_2014,Roaming Tiger,ESET,https://app.box.com/s/1q4787ruef22tvkgc7h82j6ib6qpc8v0,11/14/14,2014
OnionDuke_Tor,Onionduke: Apt Attacks Via The Tor Network - F-Secure Weblog : News From The Lab,F-Secure,https://app.box.com/s/vpr6m62odv8f7tz59xisqrba9khg4rhi,11/14/14,2014
Derusbi_Server_Analysis-Final,Derusbi (Server Variant) Analysis,Novetta,https://app.box.com/s/t3h83k7pfdyzoi3hrhfl7k5o33sk1fwk,11/14/14,2014
EvilBunny_Suspect4_v1.0,Evil Bunny: Suspect #4,Marion Marschalek,https://app.box.com/s/xvilsesi5qd2gh6so2g3tnric51ndv57,11/20/14,2014
OperationDoubleTap,Operation Double Tap,FireEye,https://app.box.com/s/30f8215m5iow438k6gpjuxyvlsid7oom,11/21/14,2014
regin-analysis,Regin: Top-Tier Espionage Tool Enables Stealthy Surveillance,Symantec,https://app.box.com/s/at56dm7anwlk35y4cp4ung9qwgiz6bn1,11/23/14,2014
Regis_The_Intercept,Secret Malware In European Union Attack Linked To U.S. And British Intelligence,The Intercept,https://app.box.com/s/qpegircfwykf835shpflarf87ah2438x,11/24/14,2014
Kaspersky_Lab_whitepaper_Regin_platform_eng,The Regin Platform Nation-State Ownership Of Gsm Networks,Kaspersky,https://app.box.com/s/q23ruuvmn5mgq1dc0w3kggl6ek1pn4nz,11/24/14,2014
DEEP_PANDA_Sakula,I Am Ironman: Deep Panda Uses Sakula Malware To Target Organizations In Multiple Sectors,Crowdstrike,https://app.box.com/s/4dfaheem1io3i71o51rf4lfo2ivotuol,11/24/14,2014
rpt-fin4,Hacking The Street?  Fin4 Likely Playing The Market,FireEye,https://app.box.com/s/56mtum85h5pznvw9r4x6yh5qivb7vgql,12/1/14,2014
OperationCleaver_The_Notepad_Files,Operation Cleaver: The Notepad Files,Cylance,https://app.box.com/s/vsret8sjx5qd6xaxzv0rxdw4pocdmjll,12/3/14,2014
Turla_2_Penquin,The 'Penquin' Turla,Kaspersky,https://app.box.com/s/5gfajyyz8firhnttdo72j0iz6uo4eo6q,12/8/14,2014
bcs_wp_InceptionReport_EN_v12914,The Inception Framework: Cloud-Hosted Apt,Bluecoat,https://app.box.com/s/vny8b4ubmxo421amxtk8tvk4b9x1vz52,12/9/14,2014
w64_regin_stage_1,"W64/Regin, Stage #1",F-Secure,https://app.box.com/s/2ifpyh8kjoxsvrj9dnqfxfrb2go1pu3a,12/10/14,2014
w32_regin_stage_1,"W32/Regin, Stage #1",F-Secure,https://app.box.com/s/358saagkwt3gqy6w62ed6xo33w175r0y,12/10/14,2014
korea_power_plant_wiper,"Vulnerability, Malicious Code Appeared In The Mbr Destruction Function Using Hangul File",AhnLab,https://app.box.com/s/q8gx5wedudaui491qn6i4d7dxsnmuyla,12/10/14,2014
CloudAtlas_RedOctober_APT,Cloud Atlas: Redoctober Apt Is Back In Style,Kaspersky,https://app.box.com/s/pyjpzua55mu6j1my5jegdiiovmpx35yi,12/10/14,2014
Vinself_steganography,Vinself Now With Steganography,Airbus,https://app.box.com/s/uy1tzn58yjoarnrftgs9d8ieucwf4029,12/12/14,2014
FTA_1014_Bots_Machines_and_the_Matrix,"Bots, Machines, And The Matrix",Fidelis,https://app.box.com/s/91ckw3z2lh26ylhxbjbjirjuyv5oslul,12/12/14,2014
Wiper_Malware,Wiper Malware _ A Detection Deep Dive,Cisco,https://app.box.com/s/efz1qmraxgqzenl5mzyeqtrh8kg1nktb,12/17/14,2014
Targeting_Syrian_ISIS_Critics,Malware Attack Targeting Syrian Isis Critics,"Citizen Lab, Cyber Arabs",https://app.box.com/s/bnq1jfzfmvflkui8zw06fkp9c0x5dgxq,12/18/14,2014
TA14-353A_wiper,Alert (Ta14-353A) Targeted Destructive Malware,US-CERT,https://app.box.com/s/lldbbamo2r9d59jf9ztlif93d6o2p2uw,12/19/14,2014
operation-poisoned-helmand,Operation Poisoned Helmand,ThreatConnect,https://app.box.com/s/emf5ke7j5q12sku7vvvb0c1hbk70fygb,12/21/14,2014
Anunak_APT_against_financial_institutions,Anunak: Apt Against Financial Institutions,"Group-IB, FOX-IT",https://app.box.com/s/exmsfcvad1sjqtmvtzbiil9k52js62ir,12/22/14,2014
AdversaryIntelligenceReport_DeepPanda_0 (1),Deep Panda,Crowdstrike,https://app.box.com/s/6po2pgedkjf4br5p7tm51go7p5g3z6g3,X,2014
Skeleton_Key_Analysis,Skeleton Key Malware Analysis,Dell Secureworks,https://app.box.com/s/elb9hgj4rvcajilnlh67kpgoskjqjra0,1/12/15,2015
DTL-12012015-01,Insight In To A Strategic Web Compromise And Attack Campaign Against Hong Kong Infrastructure,Dragon Threat Labs,https://app.box.com/s/9bt05cgrk8vbmylm5odno0k85s39kny0,1/12/15,2015
Agent.BTZ_to_ComRAT,Evolution Of Sophisticated Spyware: From Agent.Btz To Comrat,Gdata,https://app.box.com/s/gqksdtk0gogqzzzbg2w6b4y7fej6f26t,1/15/15,2015
Project_Cobra_Analysis,Analysis Of Project Cobra,Gdata,https://app.box.com/s/vuxbnmnptzygbuxkqbaq90vgm35hpcdv,1/20/15,2015
Inception_APT_Analysis_Bluecoat,Reversing The Inception APT Malware,Bluecoat,https://app.box.com/s/sctzfr6aoagpzb9aoajcodvn6we7e055,1/20/15,2015
waterbug-attack-group,The Waterbug Attack Group,Symantec,https://app.box.com/s/nrf432kfdk6kadkvbclgykekocn4pzzu,1/22/15,2015
Scarab_Russian,Scarab Attackers Took Aim At Select Russian Targets Since 2012,Symantec,https://app.box.com/s/pkoancu0b09aifvm2qfu6tdl8w0l5dqz,1/22/15,2015
Regin_Hopscotch_Legspin,An Analysis Of Regin's Hopscotch And Legspin,Kaspersky,https://app.box.com/s/yezsypczjmt973gpcqfqh5yf9po4zr3c,1/22/15,2015
P2P_PlugX_Analysis,Analysis Of A Recent Plugx Variant - P2P Plugx,JPCERT,https://app.box.com/s/outg1oalwwfvd86eopmgv2pskekzmr4t,1/29/15,2015
Backdoor.Winnti_Trojan.Skelky,Backdoor.Winnti Attackers Have A Skeleton In Their Closet?,Symantec,https://app.box.com/s/89pqnoimwdkrmyhxwqj5pp17jtjm4lmc,1/29/15,2015
rpt-behind-the-syria-conflict,Behind The Syrian Conflict's Digital Front Lines,FireEye,https://app.box.com/s/qriikjn5436zpiyazh8ta7gbzbd04onf,2/2/15,2015
PawnStorm_iOS,Pawn Storm Update: Ios Espionage App Found,Trend Micro,https://app.box.com/s/9b7dfetwel6ywbcfai2wa0ja20cym721,2/4/15,2015
GlobalThreatIntelReport,Global Threat Intel Report,Crowdstrike,https://app.box.com/s/xbbiyzpb3614bdaxuu3rs96n7f4ysppa,2/10/15,2015
operation-arid-viper-whitepaper-en,Operation Arid Viper: Bypassing The Iron Dome,Trend Micro,https://app.box.com/s/uqh30535vxopnp0achnlcemu2034aa26,2/16/15,2015
Equation_group_questions_and_answers,Equation Group: Questions And Answers,Kaspersky,https://app.box.com/s/reidof9i3qnjdq4t0k49o392g8r98tbt,2/16/15,2015
Carbanak_APT_eng,Carbanak APT The Great Bank Robbery,Kaspersky,https://app.box.com/s/p7qzcury97tuwk26694uutujwqmwqyhe,2/16/15,2015
The-Desert-Falcons-targeted-attacks,The Desert Falcons Targeted Attacks,Kaspersky,https://app.box.com/s/y45wyjrr4tnz2jlt93pk6giurxpg7ue7,2/17/15,2015
Elephantosis,Shooting Elephants,Netzpolitik,https://app.box.com/s/qog0dtpldhebhlasl12z3j82e0uv8t26,2/18/15,2015
cto-tib-20150223-01a,Scanbox Ii,PWC,https://app.box.com/s/o83u5pekus9251w0cl5lo2m1k5u0u2vn,2/24/15,2015
rpt-southeast-asia-threat-landscape,Southeast Asia: An Evolving Cyber Threat Landscape ,"FireEye, Singtel",https://app.box.com/s/h8kx7u7euolv1d6kjup0bxoujjikcbil,2/25/15,2015
plugx-goes-to-the-registry-and-india,Plugx Goes To The Registry (And India),Sophos,https://app.box.com/s/jfuf6eo3az72qrvh6ueke42ft9f23ztz,2/25/15,2015
Anthem_hack_all_roads_lead_to_China,The Anthem Hack: All Roads Lead To China,ThreatConnect,https://app.box.com/s/7rzfjpwud8blv668j1kxa7qmhcadn6pr,2/27/15,2015
Tibetan-Uprising-Day-Malware-Attacks_websitepdf,Tibetan Uprising Day Malware Attacks,Citizen Lab,https://app.box.com/s/43vz10qmcubl6d3cCVEzh2ahb9rbmyyj,3/10/15,2015
Inside_EquationDrug_Espionage_Platform,Inside The Equationdrug Espionage Platform,Kaspersky,https://app.box.com/s/vdy6lfmpvu6gzglsc3d7sade6tp9gi7e,3/11/15,2015
wp-operation-woolen-goldfish,Operation Woolen-Goldfish When Kittens Go Phishing,Trend Micro,https://app.box.com/s/pqe4y802utfswg27g3jeyaup46zje5b0,3/19/15,2015
volatile-cedar-technical-report,Volatile Cedar Threat Intelligence And Research,Checkpoint,https://app.box.com/s/jgl1n5xvzu3kp7aoi3cd9r407kjfzjcc,3/31/15,2015
rpt-apt30,APT30 And The Mechanics Of A Long-Running Cyber Espionage Operation,FireEye,https://app.box.com/s/5jjomo7k001inllirt5lj83lu92ath7d,4/12/15,2015
The Chronicles of the Hellsing APT_ the Empire Strikes Back - Securelist,The Chronicles Of The Hellsing APT: The Empire Strikes Back,Kaspersky,https://app.box.com/s/ob16ltqxv6urff6z1ore9i6t4308cxy6,4/15/15,2015
Indicators_of_Compormise_Hellsing,Hellsing Indicators Of Compromise,Kaspersky,https://app.box.com/s/ralrn76f32axakdv2fdl4kwtxqxvwee8,4/15/15,2015
Operation RussianDoll,Operation Russiandoll: Adobe & Windows ZeroDay Exploits Likely leveraged By Russia's APT28,FireEye,https://app.box.com/s/oj4sr8vifeb03qe51newafin81tu8poy,4/18/15,2015
cto-tib-20150420-01a,"Sofacy II_ Same Sofacy, Different Day",PWC,https://app.box.com/s/dm3fbeb7hl95ilno014ftskoc1vi7n1r,4/20/15,2015
The CozyDuke APT - Securelist,The Cozyduke APT,Kaspersky,https://app.box.com/s/8vksggruwwqzg7a4y7xrsrysrje56pqn,4/21/15,2015
CozyDuke,Cozyduke,F-Secure,https://app.box.com/s/wig4z9nwq6wjxf3i4aslu9qro14pgsbe,4/22/15,2015
OperationClandestineWolf,Operation Clandestine Wolf _ Adobe Flash Zero-Day In APT3 Phishing Campaign,FireEye,https://app.box.com/s/vxnua4o5c8u12xl4r7e5zkndpw65wz0m,4/26/15,2015
Attacks against Israeli & Palestinian interests - Cyber security updates,Attacks Against Israeli & Palestinian Interests,PWC,https://app.box.com/s/aaai5lu6q5wy0wp25m34oh383wmtg54m,4/27/15,2015
Dissecting-the-Kraken,Dissecting The Kraken,Gdata,https://app.box.com/s/r5vy0kolgdxwwby2wjo523devdbt5leg,5/7/15,2015
FSOFACY,APT28 Targets  Financial Markets: Zero Day Hashes Released,root9b,https://app.box.com/s/g55oxdd3q63hyngbjm4fbipfct94wrye,5/10/15,2015
Cylance SPEAR Team_ A Threat Actor Resurfaces,Cylance Spear Team: A Threat Actor Resurfaces,Cylance,https://app.box.com/s/ma0qrrczbji4grvjbezpeugf3gru084x,5/13/15,2015
wp-operation-tropic-trooper,Operation Tropic Trooper: Relying On Tried-And-Tested Flaws To Infiltrate Secret Keepers,Trend Micro,https://app.box.com/s/h3xtomk798hufzzqxnhn2kjmvt6yrcxh,5/14/15,2015
CmstarDownloader_Lurid_Enfal_Cousin,Cmstar Downloader: Lurid And Enfal's New Cousin,Palo Alto,https://app.box.com/s/67esnb1ppzsgyo3mm5es3zs8khtf3rpe,5/18/15,2015
oil-tanker-en,Operation Oil Tanker: The Phantom Menace,Pandalabs,https://app.box.com/s/xrwk7gqk44dp89fioubewttrw8a88im1,5/19/15,2015
TheNaikonAPT-MsnMM2,The Msnmm Campaigns: The Earliest Naikon APT Campaigns,Kaspersky,https://app.box.com/s/nbtyzfb5j5x9d2qznmj3bzcpa2e8kezj,5/21/15,2015
Dissecting-LinuxMoose,Dissecting Linux/Moose: The Analysis Of A Linux Router-Based Worm Hungry For Social Networks,ESET,https://app.box.com/s/38tsu5p4cc9kevuiiaxrptw3wrgksguk,5/26/15,2015
ANALYSIS-ON-APT-TO-BE-ATTACK-THAT-FOCUSING-ON-CHINAS-GOVERNMENT-AGENCY-,Analysis On APT-To-Be Attack That Focusing On China's Government Agency,Antiy CERT,https://app.box.com/s/zeacvn2ae7aunrlsfjm8kbt4nbf6yn0z,5/27/15,2015
Grabit,Grabit And The Rats,Kaspersky,https://app.box.com/s/x7jlktifxatv3oam1altle8km1xwju7b,5/28/15,2015
OceanLotusReport,Oceanlotus,SkyEye,https://app.box.com/s/fapwtkrudntz5po7c4u34l54j0vys9po,5/29/15,2015
Thamar-Reservoir,An Iranian Cyber-Attack Campaign Against Targets In The Middle East,Clearsky,https://app.box.com/s/mf27ius5sdlorh8nl4h4fr643g2i9orb,6/3/15,2015
BlueTermite_Japan,Blue Termite (Internet Watch),Kaspersky,https://app.box.com/s/0qhbl4o5adpf8fhdun7kp6cfz4ql3rdj,6/4/15,2015
duqu2_crysys,Duqu 2.0: A Comparison To Duqu ,CrySyS Lab,https://app.box.com/s/yfoqrf6r0i0ih38pl0bmtud3ke0e6vhf,6/10/15,2015
The_Mystery_of_Duqu_2_0_a_sophisticated_cyberespionage_actor_returns,The Duqu 2.0 Technical Details,Kaspersky,https://app.box.com/s/9bejel60h3doxinwxdfyhig5nsqz05ga,6/11/15,2015
The Naikon APT - Securelist,"The Naikon APT: Tracking Down Geo-Political Intelligence Across APAC, One Nation At A Time",Kaspersky,https://app.box.com/s/zuyuhxayshyuaypjoxfm0nu8d5tivqih,6/15/15,2015
Targeted-Attacks-against-Tibetan-and-Hong-Kong-Groups-Exploiting-CVE-2014-4114,Target Attacks Against Tibetan And Hong Kong Groups Exploiting CVE-2014-4114 ,Citizen Lab,https://app.box.com/s/ma7v20ug1ij6dv1bxmb2qn69hgnr5nck,6/15/15,2015
unit42-operation-lotus-blossom,Operation Lotusblossom,Palo Alto,https://app.box.com/s/xhn6ru62qqom1kuxoe3mxnqrtb1sqw2q,6/16/15,2015
winnti_pharmaceutical,Games Are Over: Winnti Is Now Targeting Pharmaceutical Companies,Kaspersky,https://app.box.com/s/f090ea4pi40hoaxe6otzfw7yl65ylw6y,6/22/15,2015
UnFIN4ished_Business_pwd,Unfin4Ished Business,PWC,https://app.box.com/s/7ep6vyqosrj2b26t6udv30jjdevkpv6f,6/24/15,2015
Dino _ the latest spying malware from an allegedly French espionage group analyzed,Dino: The Latest Spying Malware From An Allegedly French Espionage Group Analyzed,ESET,https://app.box.com/s/wavmm2zrlt4n1jri8byn31b9fb1wo35i,6/30/15,2015
WildNeutron_Economic_espionage,Wild Neutron _ Economic Espionage Threat Actor Returns With New Tricks,Kaspersky,https://app.box.com/s/anoc1ews8p5jil4pewlafksf3d4oym5x,7/8/15,2015
butterfly-corporate-spies-out-for-financial-gain,Butterfly: Corporate Spies Out For Financial Gain,Symantec,https://app.box.com/s/e8hbsm0zsrjryz3suwvutn1zjfpugwak,7/9/15,2015
Forkmeiamfamous_SeaDuke,"""Forkmeiamfamous"": Seaduke, Latest Weapon In The Duke Armory",Symantec,https://app.box.com/s/kse3c1yd5gqku9e2nfmsny7gp99zlgu4,7/13/15,2015
MiniDionis_CozyCar_Seaduke,Tracking Minidionis: Cozycar's New Ride Is Related To Seaduke,Palo Alto,https://app.box.com/s/s29hmikrmmik5v7eumpb4tipkdlyqhjl,7/14/15,2015
WateringHole_Aerospace_CVE-2015-5122_IsSpace,Watering Hole Attack On Aerospace Firm Exploits CVE-2015-5122 To Install Isspace Backdoor,Palo Alto,https://app.box.com/s/8izjpumhif40wt5jzbe6yej6j1sewt0b,7/20/15,2015
China_Peace_Palace,China Hacks The Peace Palace: All Your Eez's Are Belong To Us,ThreatConnect,https://app.box.com/s/yso9235awisw1dmjh8dyqpi5r9nokzcx,7/20/15,2015
Duke_cloud_Linux,Duke APT Group's Latest Tools: Cloud Services And Linux Support,F-Secure,https://app.box.com/s/4oehib8xu2boak3hd72sh1f9ka9gwwh7,7/22/15,2015
apt29-hammertoss-stealthy-tactics-define-a,Hammertoss: Stealthy Tactics Define A Russian Cyber Threat Group,FireEye,https://app.box.com/s/xqp6s3fb8w65f6mkm1zc89ftrl8lyfw7,7/27/15,2015
the-black-vine-cyberespionage-group,The Black Vine Cyberespionage Group,Symantec,https://app.box.com/s/0ahidgtzecyx94hgvxoai9kmu5r6yw49,7/28/15,2015
Operation-Potao-Express_final_v2,Operation Potao Express: Analysis Of A Cyber-Espionage Toolkit,ESET,https://app.box.com/s/hji6y2fi3nwqbd8mtx6kiy6yckizwq2w,7/31/15,2015
Terracotta-VPN-Report-Final-8-3,RSA Research Terracotta VPN: Enabler Of Advanced Threat Anonymity ,RSA,https://app.box.com/s/cx1sjzb1q7slnjho5n1n0iuc7y9om2ll,8/4/15,2015
ThreatGroup-3390,Threat Group-3390 Targets Organizations For Cyberespionage,Dell Secureworks,https://app.box.com/s/6j0fm3yepzf11engl7t213zltahujorc,8/5/15,2015
Checkpoint_rocket-kitten-report(Nov-9-2015),Rocket Kitten: A Campaign With 9 Lives,Checkpoint,https://app.box.com/s/vhe51fr5m6kqqzbkkcuukta6nucn9p6a,11/9/15,2015
Symantec_Iran-based-attackers-use-back-door-threats-to-spy-on-Middle-Eastern-targets(Dec-7-2015),Iran-based attackers use back door threats to spy on Middle Eastern targets,Symantec,https://app.box.com/s/oeix6b4jcwdkwyrzq35brtmq2ktoyxnw,12/7/15,2015
Kaspersky_Evolution-of-Cyber-Threats-in-the-Corporate-Sector(Dec-10-2015),Evolution of Cyber Threats in the Corporate Sector,Kaspersky,https://app.box.com/s/ql84nxbrheluzhi3bt7k48damnuz00u5,12/10/15,2015
Clearsky_Operation-DustySky_TLP_WHITE(Jan-7-2016),Operation Dusty Sky,Clearsky,https://app.box.com/s/cydpeasz6l8cv9oo99o4tpazd5tq4xkm,1/7/16,2016
Clearsky_Operation-DustySky-indicators(Jan-7-2016),Operation Dusty Sky (indicators),Clearsky,https://app.box.com/s/5iym3huegu3ssaejl0rr268sr7qy6seb,1/7/16,2016
Arbor_Uncovering-the-Seven-Pointed-Dagger(Jan-11-16),Uncovering the Seven Pointed Dagger,Arbor Networks,https://app.box.com/s/z1uanuv1vn3vw5iket1r6bqrmlra0gpn,1/11/16,2016
PaloAlto_Scarlet-Mimic(Jan-24-16),Scarlet Mimic,Palo Alto,https://app.box.com/s/zhour42vz6sxf7aws3oj70i1rd5ib8kx,1/24/16,2016
PaloAlto_Emissary-Trojan-Changelog-Did-Operation-Lotus-Blossom-Cause-It-to-Evolve(Feb-03-16),Emissary Trojan Changelog: Did Operation Lotus Blossom Cause It To Evolve,Palo Alto,https://app.box.com/s/oyqcfzoa1hfq5evuymj5bqfitkqlfp4v,2/3/16,2016
PaloAlto_T9000-Advanced-Modular-Backdoor-Uses-Complex-Anti-Analysis-Techniques(Feb-04-16),T9000: Advanced Modular Backdoor Uses Complex Anti Analysis Techniques,Palo Alto,https://app.box.com/s/u9eldsgol20dmuw0nljeqo9nlw4r9ms7,2/4/16,2016
PaloAlto_Attack-on-French-Diplomat-Linked-to-Operation-Lotus-Blossom(Feb-08-16),Attack On French Diplomat Linked To Operation Lotus Blossom,Palo Alto,https://app.box.com/s/cbxo6pdyf8xua2eg5dn44ni47wbs0le0,2/8/16,2016
Kaspersky_Poseidon-Group(Feb-09-16),Poseidon Group,Kaspersky,https://app.box.com/s/94ct7ny9breqnyhdwmcyv982w9qj2rxi,2/9/16,2016
PaloAlto_A-Look-Into-Fysbis-Sofacys-Linux-Backdoor(Feb-12-16),A Look Into Fysbis: Sofacy's Linux Backdoor,Palo Alto,https://app.box.com/s/2x3mrik225skob8rxd50rp63wlq0fp6v,2/12/16,2016
Cylance_Op_Dust_Storm_Report(Feb-23-2016).pdf,Operation Duststorm,Cylance,https://app.box.com/s/dt9mscechq7heg83z7vgujp5ujjzd97c,2/23/16,2016
Novetta_Operation-Blockbuster-Report(Feb-24-2016).pdf,Operation Blockbuster,Novetta,https://app.box.com/s/rhn69xecfqe8k2abwmn43ilmd59y1we0,2/24/16,2016
Proofpoint_operation-transparent-tribe-threat-insight-en(Mar-01-16),Operation Transparent Tribe,Proofpoint,https://app.box.com/s/2terwf3c3e8iunw8v7kj83p2zw44nns2,3/1/16,2016
TheCitizenLab_Shifting-Tactics-Tracking-changes-in-years-long-espionage-campaign-against-Tibetans(Mar-10-16),Shifting Tactics Tracking Changes In Years Long Espionage Campaign Against Tibetans,Citizen Lab,https://app.box.com/s/wb0vzmvsgude6yby0d5bn02cxebuuvhc,3/10/16,2016
PWC_Taiwan-Presidential-Election-A-Case-Study-on-Thematic-Targeting(Mar-17-2016),Taiwan Presidential Election: A Case Study on Thematic Targeting,PWC,https://app.box.com/s/lyradpx3h7eic3dyiz33ufiia0wj7otn,3/10/16,2016
